"store_id","hub_id","store_name","store_segment","store_plan_price","store_latitude","store_longitude"
"3","2","CUMIURI","FOOD","0",,
"6","3","PIMGUCIS DA VIVA ","FOOD","0","-30.037415","-51.20352"
"8","3","RASMUR S ","FOOD","0","-30.037415","-51.20352"
"53","8","PAPA SUCIS ","FOOD","0","-22.921474","-43.23482"
"54","8","VUZPI PAZZIS ","FOOD","0","-22.921474","-43.23482"
"56","8","SUPSIO ","FOOD","49","-22.921474","-43.23482"
"58","8","PIAMUARIS ","FOOD","49","-22.921474","-43.23482"
"82","8","LUCITA ","FOOD","0","-22.921474","-43.23482"
"83","8","PRARIZZAI ","FOOD","0","-22.921474","-43.23482"
"84","8","PALLO MZU GRALA","FOOD","49","-22.921474","-43.23482"
"85","8","PRISMAURAI ","FOOD","0","-22.921474","-43.23482"
"88","8","EUGUSMI ","GOOD","0","-22.921474","-43.23482"
"89","8","LIS URPIMIOUS ","FOOD","49","-22.921474","-43.23482"
"90","8","CISI DA POI EU QUASI ","FOOD","49","-22.921474","-43.23482"
"95","8","ARE TRAMUO ","FOOD","49","-22.921474","-43.23482"
"96","5","PIRMI DA SIPIR ","FOOD","0","-23.00075","-43.318363"
"99","8","SIRVUMU AMILAI ","FOOD","0","-22.921474","-43.23482"
"100","8","LUPIMUIM ","FOOD","49","-22.921474","-43.23482"
"122","4","MASUCIE","GOOD","0",,
"141","8","RO PRISMAUS ","FOOD","0","-22.921474","-43.23482"
"144","8","CIRIROI U CAI ","FOOD","49","-22.921474","-43.23482"
"149","8","IUMPICA ","FOOD","0","-22.921474","-43.23482"
"164","8","CLUPU RULASSI ","GOOD","0","-22.921474","-43.23482"
"187","13","LUCITA ","FOOD","49","-22.88582","-43.279217"
"189","13","USPUMUI CIRAICI ","FOOD","49","-22.88582","-43.279217"
"191","13","AR PAZZI ","FOOD","49","-22.88582","-43.279217"
"228","8","PUGUM ","GOOD","0","-22.924145","-43.236343"
"232","16","RIARI SIARI ","FOOD","0","-23.017473","-43.47994"
"236","13","IUMPICA ","FOOD","0","-22.88582","-43.279217"
"245","18","SUPSIO ","FOOD","0","-22.945496","-43.182182"
"261","18","AR TRAMUO ","FOOD","49","-22.945496","-43.182182"
"264","8","EMUOUS","GOOD","0","-22.924145","-43.236343"
"274","16","IUMPICA ","FOOD","0","-23.017473","-43.47994"
"294","13","PAPA SUCIS ","FOOD","0","-22.88582","-43.279217"
"295","8","AIEMAMIMU IU PRUSEM","GOOD","29","-22.921474","-43.23482"
"311","13","RISA PUM ","GOOD","29","-22.88582","-43.279217"
"321","17","IUMPICA ","FOOD","0","-23.592005","-46.636505"
"339","17","ARE TRAMUO ","FOOD","49","-23.592005","-46.636505"
"342","13","PIARIS","GOOD","0",,
"345","13","ZIM ME MUMEUR ","FOOD","49","-22.886099","-43.27955"
"356","21","SPILUMI ","FOOD","49","-23.550407","-46.697315"
"357","22","PILIOU RAS ","FOOD","0","-23.000753","-43.38377"
"361","22","IPUPIEMAI ","FOOD","0","-23.000753","-43.38377"
"365","20","CIRILAMI SILUS ","FOOD","49","-22.996847","-43.3612"
"366","20","AR TRAMUO ","FOOD","49","-22.996847","-43.3612"
"367","20","MIUMSAU ","FOOD","49","-22.996847","-43.3612"
"370","20","PAZZI ZUM ","FOOD","49","-22.996847","-43.3612"
"371","20","LUCITA ","FOOD","0","-22.996847","-43.3612"
"373","20","CRUPULICOS ","FOOD","49","-22.996847","-43.3612"
"377","20","RIRURPIS","GOOD","0","-23.000753","-43.38377"
"378","21","OURAMIES ","FOOD","49","-23.550407","-46.697315"
"383","21","ACA PRISSURAU ","FOOD","49","-23.550407","-46.697315"
"387","22","REMFRUMIS ","FOOD","49","-23.000753","-43.38377"
"390","17","PAZZI ZUM ","FOOD","49","-23.592005","-46.636505"
"391","20","FAIARUMUI ","FOOD","0","-22.996847","-43.3612"
"399","13","PIARO ","FOOD","0","-22.884333","-43.283367"
"406","20","GARIOLIS ","FOOD","49","-23.000753","-43.38377"
"409","16","RC OUMILEES ","FOOD","0","-23.017263","-43.479122"
"414","13","SPILUMI ","FOOD","0","-22.886644","-43.28019"
"415","8","IPUPIEMAI ","FOOD",,"-22.921474","-43.23482"
"416","21","IUMPICA ","FOOD","0","-23.550407","-46.72129"
"417","20","IUMPICA ","FOOD","0","-22.996847","-43.3612"
"426","20","ZIM M MUMEUR ","FOOD",,"-22.996847","-43.3612"
"430","21","PIR DA ILUROI ","FOOD","0","-23.550407","-46.72129"
"435","16","SUSM GRALA","FOOD","49","-23.017263","-43.479122"
"439","16","CILAFIRMAI CIOLA ","FOOD","49","-23.017263","-43.479122"
"446","20","SIRLE FRA ","GOOD","29","-22.996847","-43.3612"
"447","21","PA PISACI ","GOOD","29","-23.550407","-46.72129"
"453","20","IRULAU CRUPURAU ","FOOD","49","-22.996847","-43.3612"
"462","18","CIFUAMI ","FOOD","49","-22.946428","-43.18231"
"476","20","PIARI FLIRUS ","GOOD","29","-22.996847","-43.3612"
"482","25","GIPUMZIGUM OPASI RIUSARI CIREARA ","GOOD","49","-23.567703","-46.642044"
"490","22","MATATA ","FOOD","49","-23.000753","-43.38377"
"491","16","I CISI DA PAMPE ","GOOD","29","-23.017263","-43.479122"
"493","25","PAZZI ZUM ","FOOD","49","-23.567703","-46.642044"
"495","25","IUMPICA ","FOOD","0","-23.562328","-46.642044"
"496","26","IUMPICA ","FOOD",,"-23.563019","-46.652622"
"497","13","CISI DA URPIOU ","FOOD","0","-22.884333","-43.283367"
"501","25","RISIRA ","FOOD","49","-23.567703","-46.642044"
"508","20","GROI USPRUSSI ","FOOD","49","-22.996847","-43.3612"
"515","18","GULIMURAI RE ","FOOD","49","-22.946428","-43.18231"
"520","26","IRIR OIS PUOUMIS ","FOOD","49","-23.563019","-46.652622"
"524","3","ILA RIERUGI ","GOOD","49","-30.037415","-51.20352"
"525","25","PUCIRAMI  ","FOOD","49","-23.567703","-46.642044"
"529","20","GULIMURAI RE ","FOOD","49","-22.996847","-43.3612"
"531","16","CISUMPES ","FOOD","49","-23.017263","-43.479122"
"532","13","SIRLE FRA ","GOOD","29","-22.886644","-43.28019"
"540","22","UMIG ","GOOD","49","-23.000753","-43.38377"
"545","3","IAMUR ","FOOD","49","-30.037415","-51.20352"
"555","20","RIGU I CIGU ","FOOD","49","-22.996847","-43.3612"
"563","3","MZU PLICA PAF ","FOOD","49","-30.038145","-51.20352"
"564","20","PUMGUA ","FOOD","49","-22.996847","-43.3612"
"582","16","SPILUMI ","FOOD","49","-23.020708","-43.4897"
"585","21","MUMRIFAM ","GOOD","29","-23.550407","-46.72129"
"586","26","GULIMI PIRULA ","FOOD","49","-23.563759","-46.652622"
"587","8","PIARO ","FOOD",,"-22.921474","-43.23482"
"590","20","VUG UP ","FOOD","49","-22.996847","-43.3612"
"591","27","MZU SUACU LIP ","FOOD","49","-23.622995","-46.699203"
"595","27","ZIVIMUI ","GOOD","49","-23.622995","-46.699203"
"599","21","LIFM ","GOOD",,"-23.550407","-46.72129"
"600","21","GRIME CRU ","GOOD","29","-23.550407","-46.72129"
"603","27","GRIME CRU ","GOOD","29","-23.622995","-46.699203"
"604","16","SIRVUMU AMILAI ","FOOD","49","-23.020708","-43.4897"
"605","16","MIMAMI SAMU VAMUIGU ","GOOD","49","-23.020708","-43.4897"
"606","8","MAP MIP ","GOOD",,"-22.921474","-43.23482"
"607","27","ECILUMI MI LISI FASACIO PASCIAMO ","FOOD","49",,
"616","18","CILAFIRMAI CIOLA ","FOOD","49","-22.94733","-43.183533"
"622","28","PASCIAMO ","FOOD","49","-23.595776","-46.685986"
"623","28","SUPSIO ","FOOD","49","-23.595776","-46.685986"
"624","28","SPILUMI ","FOOD","49","-23.595776","-46.685986"
"626","28","MUMRIFAM ","GOOD","29","-23.595776","-46.685986"
"627","27","FAM RIRGUM ","GOOD","29","-23.622995","-46.699203"
"629","8","RIARI SIARI ","FOOD",,"-22.921474","-43.23482"
"631","28","IUMPICA ","FOOD",,"-23.595776","-46.685986"
"632","28","IPUPIEMAI ","FOOD",,"-23.595776","-46.685986"
"633","21","ZIVIMUI ","GOOD","49","-23.550407","-46.72129"
"640","28","GRIME CRU ","GOOD","49","-23.595776","-46.685986"
"641","26","MUMRIFAM ","GOOD","29","-23.563759","-46.652622"
"644","13","USARULI DA SUA","FOOD",,"-22.887522","-43.283367"
"646","21","PASCIAMU ","FOOD","49","-23.550407","-46.72129"
"648","27","PIPRU SUIM ","FOOD","49","-23.622995","-46.699203"
"651","27","SIZMUO RICAUMS ","FOOD","49","-23.622995","-46.699203"
"652","25","MUMRIFAM ","GOOD","29","-23.570765","-46.642044"
"656","3","IPALUPAES ","FOOD","0","-30.038145","-51.20352"
"657","21","RIGAC FAM ","GOOD","29","-23.550407","-46.72129"
"658","29","IUMPICA ","FOOD",,"-23.561052","-46.558975"
"659","29","IPUPIEMAI ","FOOD",,"-23.561052","-46.558975"
"660","16","FIRIFI CIRAICI ","FOOD","49","-22.98945","-43.433224"
"661","20","RA VACAI EUSEU I AMACAI ","FOOD","49","-22.996847","-43.3612"
"666","25","RIZI ","FOOD","49","-23.570765","-46.642044"
"669","29","PUPALUGALA","FOOD","49","-23.561052","-46.558975"
"673","18","MIZPIZ ","FOOD","49","-22.95033","-43.184895"
"674","29","AR TRAMUO ","FOOD","49","-23.561052","-46.558975"
"676","31","IUMPICA ","FOOD",,"-23.631836","-46.735203"
"678","18","MZU PIUI ","FOOD","49","-22.94956","-43.18502"
"679","18","ZIRIE ","FOOD","49","-22.94733","-43.183533"
"681","5","CISI DA POI EU QUASI ","FOOD","49","-23.003717","-43.317444"
"682","25","MISMO GRALA","FOOD","49","-23.570765","-46.642044"
"684","17","RIZIGIMO ","GOOD","29","-23.59955","-46.636757"
"685","20","CICIU SZIS ","GOOD","29","-22.996847","-43.3612"
"686","29","RIMUIMI GRALA","FOOD","49","-23.561052","-46.558975"
"687","17","LUPI ","GOOD","29","-23.59955","-46.636757"
"689","17","RIRIMI ","GOOD","29","-23.59955","-46.636757"
"690","29","EAVAMI FIGOI ","FOOD","49","-23.561052","-46.558975"
"692","29","PIULIMGURAU CIRAICI ","FOOD","49","-23.561052","-46.558975"
"693","29","EURECA ","GOOD","29","-23.561052","-46.558975"
"695","5","PILAS SUCIS ","FOOD","49","-23.004908","-43.318363"
"697","21","ZIPU ","GOOD","29","-23.550407","-46.72129"
"700","21","CZALLA PUIMS ","GOOD","29","-23.550407","-46.72129"
"701","21","SMIRPIAMU ","GOOD","29","-23.550407","-46.72129"
"702","21","EUCI SGAM ","GOOD",,"-23.550407","-46.72129"
"706","17","AR CIM ","GOOD","29","-23.59955","-46.636757"
"707","33","IUMPICA ","FOOD",,"-23.579067","-46.594006"
"716","33","EA CUMUI ","FOOD","49","-23.579067","-46.594006"
"728","33","GUMOUA ","FOOD","49","-23.579067","-46.594006"
"735","33","IRIR OIS PUOUMIS ","FOOD","49","-23.579067","-46.594006"
"739","16","GIPUMZIGUM ","GOOD","29","-23.020708","-43.4897"
"745","3","IGUAI VUMURAMIRAI ","GOOD",,"-30.037361","-51.204754"
"747","21","IRUZZI ","GOOD","29","-23.550407","-46.72129"
"748","27","LI PISMI GAIMOI ","FOOD","49","-23.622995","-46.699203"
"753","3","PF PIR FIVIR ","FOOD","0","-30.038145","-51.20352"
"754","13","GIPUMZIGUM ","GOOD",,"-22.887522","-43.283367"
"762","26","CZALLA PUIMS ","GOOD","29","-23.563759","-46.652622"
"763","26","CISI PIUEUEMI ","GOOD","49","-23.563759","-46.652622"
"767","29","PASSIMA ","FOOD","49","-23.561052","-46.558975"
"771","27","MISQUAMZI DA USQUAMI ","FOOD","49","-23.622995","-46.699203"
"773","18","OU SALVI ","FOOD","49","-22.94733","-43.183533"
"780","29","GARIOLIS ","FOOD",,"-23.561052","-46.558975"
"783","22","VUZPI ","FOOD","49","-23.000149","-43.381737"
"785","33","ARE TRAMUO ","FOOD","49","-23.579067","-46.594006"
"786","33","LU PUMAM RICIRIMS ","GOOD","49","-23.579067","-46.594006"
"787","33","PUGOIE ","FOOD","49","-23.579067","-46.594006"
"790","33","MZU SMUIG FICMIRO ","FOOD","49","-23.57989","-46.594296"
"791","8","PULGAIM SIOLLU ","FOOD","0","-22.921474","-43.23482"
"792","13","CIOLAMISM ","FOOD","0","-22.887522","-43.283367"
"801","20","CIMUAMI PUIMISURI ","FOOD","49","-22.996847","-43.3612"
"802","20","PIAMUARIS CIFO ","FOOD","49","-22.996847","-43.3612"
"804","18","MOIRI MPECILIMU PIR ","FOOD","49","-22.94733","-43.183533"
"806","27","IMLAIZA","GOOD",,,
"807","29","ZIMRPI","GOOD",,,
"808","28","ROICIPIP","GOOD",,,
"809","25","GARPI ","GOOD","29","-23.570765","-46.642044"
"810","22","PIULIMGURAU ","FOOD","49","-23.001696","-43.386494"
"811","8","CISI DA PRUSI ","GOOD","0","-22.921474","-43.23482"
"824","26","RUMOU VUREU ","GOOD","29","-23.563759","-46.652622"
"828","20","MUI SZIP ","GOOD",,"-22.996847","-43.3612"
"832","27","RUSURVI FLIRIA","GOOD","29","-23.622995","-46.699203"
"837","33","SMIR PIAMU ","GOOD","29","-23.579067","-46.594006"
"840","26","SIZMUO RICAUMS ","FOOD","49","-23.563759","-46.652622"
"845","13","RUA DA RIMU ","FOOD",,"-22.887522","-43.283367"
"847","13","GIGIRUS ","GOOD","29","-22.887522","-43.283367"
"850","22","CIRIRIOU CIRIROI ","FOOD","49","-23.001696","-43.386494"
"859","20","CIRIRIOU CIRIROI ","FOOD","49","-22.996847","-43.3612"
"864","3","RIC IME CZASU ","FOOD","0","-30.038145","-51.20352"
"869","18","PILIOU RAS ","FOOD","49","-22.94733","-43.183533"
"870","18","CUSMUI ","FOOD","49","-22.949297","-43.188152"
"875","31","RIRURIMUA ","FOOD","49","-23.631836","-46.735203"
"876","26","IVIMAR ","GOOD","29","-23.569798","-46.659252"
"877","33","IVIMAR ","GOOD","29","-23.579067","-46.594006"
"879","28","RISIRA ","FOOD","49","-23.595776","-46.685986"
"882","35","RUGIRIMA ","FOOD","49","-22.97315","-43.37081"
"883","35","GIMA ","FOOD","49","-22.97315","-43.37081"
"886","35","RC OUMILEES ","FOOD",,"-22.97315","-43.37081"
"894","35","MRIMUIRAI ","FOOD","49","-22.97315","-43.37081"
"902","8","MRIRI LIP ","GOOD","29","-22.921474","-43.23482"
"903","35","PILITAMZI ","FOOD","49","-22.97315","-43.37081"
"904","25","CAIRIR PIPO ","GOOD","29","-23.570765","-46.642044"
"911","28","RCOUMILES ","FOOD","0","-23.595776","-46.685986"
"912","3","MURPURI OUS GURAIS ","FOOD","49","-30.035517","-51.204006"
"913","27","PAMACIS ","GOOD","29","-23.622995","-46.699203"
"915","25","GRIME CRU ","GOOD","29","-23.570765","-46.642044"
"918","27","USIFLUS ","GOOD",,"-23.622995","-46.699203"
"921","29","GRIME CRU ","GOOD","29","-23.561052","-46.558975"
"923","3","GRIME CRU ","GOOD","29","-30.027067","-51.19292"
"924","29","LIFM ","GOOD","29","-23.561052","-46.558975"
"931","31","GUMOUA E ISIM ","FOOD","49","-23.631836","-46.735203"
"933","31","SUPSIO ","FOOD","49","-23.631836","-46.735203"
"938","27","OIGIPUARO ","FOOD","49","-23.622995","-46.699203"
"941","27","GUMOUA ","FOOD","49","-23.622995","-46.699203"
"944","35","ZIMI ZUM ","FOOD","49","-22.97315","-43.37081"
"945","29","LUPI ","GOOD","29","-23.561052","-46.558975"
"946","29","USIFLUS ","GOOD","29","-23.561052","-46.558975"
"947","5","USMIMOI RS ","FOOD","49","-23.004908","-43.318363"
"948","27","RAMZI CISMURUARI RA SIPIMUARI ","GOOD","29","-23.622995","-46.699203"
"950","33","ISIM ","FOOD","49","-23.579067","-46.594006"
"951","33","GRIMEVASAIM ","GOOD","29","-23.579067","-46.594006"
"952","26","GRIMEVASAIM ","GOOD","29","-23.563759","-46.652622"
"953","26","GRIME CRU ","GOOD","29","-23.561121","-46.666603"
"955","51","CIRIROI U CAI ","FOOD",,"-22.926905","-43.572533"
"960","33","GRIME CRU ","GOOD","29","-23.579067","-46.594006"
"961","21","PIGUE PIPACO ","FOOD","49","-23.550407","-46.72129"
"964","26","GRIME CRU ZAGAUMAPILAS ","GOOD","29","-23.54166","-46.657482"
"965","17","GRIME CRU ","GOOD","29","-23.603558","-46.657894"
"966","35","CIRIROI U CAI ","FOOD","49","-22.97315","-43.37081"
"967","28","GRIME CRU VALI MIVI CIMCUAMOI ","GOOD","29","-23.595215","-46.666397"
"968","28","GRIME CRU AMIARO CIRUSI  ","GOOD","29","-23.586689","-46.67986"
"975","36","IEPISMI ","FOOD","49","-30.085743","-51.246"
"976","36","PAZZI ROIE MIPILAPACO ","FOOD","49","-30.085743","-51.246"
"977","36","PRIMZURS RUSMIURIMA U PAZZIRAI ","FOOD","49","-30.085743","-51.246"
"978","55","ZUPULAR MUC ","GOOD","29","-23.51542","-46.66532"
"983","35","LUPIMUIM ","FOOD","49","-22.97315","-43.37081"
"984","33","GIPUMZIGUM ","GOOD",,"-23.579067","-46.594006"
"989","36","GRIME CRU ","GOOD","29","-30.085743","-51.246"
"995","31","ROGLISS ICUSSARAIS ","GOOD","29","-23.631836","-46.735203"
"997","33","PIEURISI MAROI ","GOOD","29","-23.579067","-46.594006"
"998","20","TRAZ LOURA RIRMAM ","FOOD","49","-22.996847","-43.3612"
"999","35","LUCITA ","FOOD","49","-22.97315","-43.37081"
"1000","20","PAI RUMOU ","GOOD","49","-22.996847","-43.3612"
"1001","26","PEUIM GAMTRAM ","FOOD","49","-23.563759","-46.652622"
"1002","20","OIGIPUARO ","FOOD","49","-22.996847","-43.3612"
"1003","29","ZIVIMUI ","GOOD","29","-23.561052","-46.558975"
"1006","25","PUGUM ","GOOD","29","-23.570765","-46.642044"
"1008","29","PUGUM ","GOOD","29","-23.561052","-46.558975"
"1009","20","CIPIMI PURGUR ","FOOD","49","-22.996847","-43.3612"
"1010","16","CICIU SZIS ","GOOD","49","-23.020708","-43.4897"
"1014","31","OUMGA ","GOOD","29","-23.631836","-46.735203"
"1015","31","MUMRIFAM ","GOOD","29","-23.658852","-46.737877"
"1016","36","PIPS ","FOOD","49","-30.085743","-51.246"
"1018","36","ICI EU SIVEMI ","FOOD","49","-30.085743","-51.246"
"1019","20","CISI PIUEUEMI ","GOOD","49","-22.996847","-43.3612"
"1022","29","RIRIMI ","GOOD","29","-23.561052","-46.558975"
"1025","21","IMUI PUGIVI ","GOOD","29","-23.528072","-46.731194"
"1026","22","AIEMAMIMU IU PRUSEM","GOOD","29","-23.001696","-43.386494"
"1027","33","LIFM ","GOOD",,"-23.579067","-46.594006"
"1029","55","UVURUSM ","GOOD","29","-23.515577","-46.665665"
"1034","18","GRIME CRU ","GOOD","29","-22.964613","-43.220245"
"1037","35","IUMPICA ","FOOD",,"-22.97315","-43.37081"
"1041","26","GIPUMZIGUM ","GOOD","49","-23.563759","-46.652622"
"1042","36","FRUEOU ","FOOD","49","-30.085743","-51.246"
"1044","36","ZIVIMUI ","GOOD","29","-30.085743","-51.246"
"1056","16","RIOZ ","FOOD","49",,
"1057","36","IUMPICA ","FOOD",,"-30.085743","-51.246"
"1061","33","SMIMCU ","GOOD","29","-23.579067","-46.594006"
"1064","8","GRIME CRU ","GOOD","49","-22.921474","-43.23482"
"1071","25","VIRIMOU ","GOOD","29","-23.570765","-46.642044"
"1076","20","SUMIR SIMMPE ","FOOD","49","-22.996847","-43.3612"
"1080","18","AIEMAMIMU IU PRUSEM","GOOD","29","-22.94733","-43.183533"
"1082","35","LIEMAMIMU IU PRUSEM","GOOD","29","-22.97315","-43.37081"
"1083","27","CISI PIUEUEMI ","GOOD","29","-23.622995","-46.699203"
"1084","28","CISI PIUEUEMI ","GOOD","29","-23.595776","-46.685986"
"1091","20","SALITO ","GOOD","29","-22.996847","-43.3612"
"1092","18","SALITO ","GOOD","29","-22.94733","-43.183533"
"1093","36","SALITO ","GOOD","29","-30.085743","-51.246"
"1095","22","SALITO ","GOOD","29","-23.001696","-43.386494"
"1096","8","SALITO ","GOOD","29","-22.921474","-43.23482"
"1097","28","SALITO ","GOOD","29","-23.595776","-46.685986"
"1098","33","SALITO ","GOOD","29","-23.579067","-46.594006"
"1099","29","SALITO ","GOOD","29","-23.561052","-46.558975"
"1101","26","SALITO ","GOOD","29","-23.563759","-46.652622"
"1103","27","SALITO ","GOOD","29","-23.622995","-46.699203"
"1104","13","SALITO ","GOOD",,"-22.887522","-43.283367"
"1105","25","SALITO ","GOOD","29","-23.570765","-46.642044"
"1106","21","SALITO ","GOOD","29","-23.550407","-46.72129"
"1107","21","SR SIGIRIMI ","FOOD","49","-23.550407","-46.72129"
"1114","35","RIMAI EU TRAPRISCI ","FOOD","49","-22.97315","-43.37081"
"1117","21","PIPULIRAI RIGMALAI ","GOOD","29","-23.550407","-46.72129"
"1118","35","PRISEMCICIU ","GOOD","29","-22.97315","-43.37081"
"1119","28","ISIM O RIRARIRA ","FOOD",,"-23.595776","-46.685986"
"1120","27","GIPUMZIGUM ","GOOD","29","-23.622995","-46.699203"
"1121","20","PRISEMCICIU ","GOOD","29","-22.996847","-43.3612"
"1122","27","MPECILIMUS PRISEMCICIU ","GOOD","29","-23.622995","-46.699203"
"1123","8","SIRSUMG ","GOOD",,"-22.921474","-43.23482"
"1125","36","PIZ RUSMIURIMA ","FOOD","49","-30.085743","-51.246"
"1127","16","CIRIROI U CAI ","FOOD","49","-23.020708","-43.4897"
"1128","17","ZIVIMUI ","GOOD","29","-23.59955","-46.636757"
"1141","21","CISI RUVAVI ","GOOD","29","-23.550407","-46.72129"
"1143","3","GRORAI RIMAI ","GOOD","49","-29.972736","-51.19582"
"1146","33","MZU PIEO SZIP ","GOOD","29","-23.579067","-46.594006"
"1150","26","PASCIAMU ","FOOD","49","-23.563759","-46.652622"
"1152","8","CISI DA PILIP ","FOOD","29","-22.922909","-43.2349"
"1153","13","RIMAI EU TRAPRISCI ","FOOD","49","-22.887522","-43.283367"
"1154","27","ILRU ","GOOD","29","-23.622995","-46.699203"
"1157","27","CISI OUS CACIS ","GOOD","29","-23.622995","-46.699203"
"1160","3","MPECILIMRIS CAOUEU PIASI ","GOOD","49","-30.03821","-51.2217"
"1161","31","CZALLA PUIMS ","GOOD",,"-23.631836","-46.735203"
"1162","13","SIU SIU EUSAGM ","GOOD","29","-22.887522","-43.283367"
"1163","33","PA PISACI ","GOOD","29","-23.579067","-46.594006"
"1164","26","GAIVIMUI PIPO ","GOOD","29","-23.563759","-46.652622"
"1165","17","USIFLUS ","GOOD","29","-23.59955","-46.636757"
"1166","33","RIGAC FAM ","GOOD","29","-23.579067","-46.594006"
"1167","31","SIMUI LIMOI ","GOOD","29","-23.631836","-46.735203"
"1175","31","LUVA S ","GOOD",,"-23.631836","-46.735203"
"1187","33","IRUZZI ","GOOD","29",,
"1199","31","CISI RUVAVI ","GOOD","29","-23.631836","-46.735203"
"1204","18","GRIME CRU ","GOOD",,,
"1205","29","ZIPU ","GOOD","29","-23.561052","-46.558975"
"1208","16","RUSMIURIMA RIRIOU ","FOOD","49","-23.020708","-43.4897"
"1210","26","RIGU I CIGU ","FOOD","49","-23.561506","-46.668457"
"1213","21","AMACIS CIRIA","GOOD","29","-23.550407","-46.72129"
"1214","21","CRICS ","GOOD","29","-23.550407","-46.72129"
"1215","17","CRICS ","GOOD","29","-23.59955","-46.636757"
"1218","20","PALLO MZU GRALA","FOOD","49","-22.996847","-43.3612"
"1220","33","R RIRMIM ","GOOD","29","-23.579067","-46.594006"
"1224","31","SSIRIVSGA ","GOOD",,"-23.631836","-46.735203"
"1230","27","MZU PIEO SZIP ","GOOD","29","-23.622995","-46.699203"
"1232","33","AMUARASSARA ","GOOD",,"-23.579067","-46.594006"
"1233","3","PIUMCU CIRPIMO ","GOOD","29","-30.029655","-51.21743"
"1235","33","MIARO ZALFAGUR ","GOOD","29","-23.579067","-46.594006"
"1236","33","VACMIR ZUGI ","GOOD","29","-23.579067","-46.594006"
"1237","33","SIRLE MUMUAS ","GOOD","29","-23.579067","-46.594006"
"1238","33","ZURAMG GAES ","GOOD","29","-23.579067","-46.594006"
"1239","33","RULASSI ","GOOD","29","-23.579067","-46.594006"
"1242","35","IMICIPRA ","GOOD","29","-22.97315","-43.37081"
"1246","31","PUGUM ","GOOD","29","-23.631836","-46.735203"
"1247","25","PAGAES ","GOOD","29","-23.570765","-46.642044"
"1254","31","PUMAM MAMA ","GOOD","29","-23.631836","-46.735203"
"1259","26","PUGUM ","GOOD","29","-23.563759","-46.652622"
"1263","33","RAMASI ","GOOD","29","-23.579067","-46.594006"
"1271","21","IPIQA ","GOOD",,"-23.550407","-46.72129"
"1272","20","PAPA CILMIOUS ","GOOD","29","-22.996847","-43.3612"
"1273","35","MRICA E FAULE ","GOOD","29","-22.97315","-43.37081"
"1274","28","MZU PIEO SZIP ","GOOD","29","-23.595776","-46.685986"
"1276","35","USIFLUS ","GOOD","29","-22.97315","-43.37081"
"1278","35","PAPA CILMIOUS ","GOOD","29","-22.97315","-43.37081"
"1279","8","PAPA CILMIOUS ","GOOD","29","-22.921474","-43.23482"
"1280","33","RIRIMI ","GOOD","29","-23.579067","-46.594006"
"1283","27","SSIRIVSGA ","GOOD","29","-23.622995","-46.699203"
"1288","31","STRAMZ ","GOOD","29","-23.631836","-46.735203"
"1290","26","SSIRIVSGA ","GOOD","29","-23.563759","-46.652622"
"1292","18","SIRSUMG ","GOOD",,,
"1293","35","SIRSUMG ","GOOD","29","-22.97315","-43.37081"
"1300","29","OIGAMA ","GOOD","29","-23.561052","-46.558975"
"1303","13","LIMI EU FAMI PASU ","GOOD",,"-22.887522","-43.283367"
"1304","25","OIGAMA ","GOOD","29","-23.570765","-46.642044"
"1307","8","GIMA ","FOOD","49","-22.921474","-43.23482"
"1314","27","OIGAMA ","GOOD","29","-23.622995","-46.699203"
"1317","31","USPIMI PRIMI ","GOOD","49","-23.631836","-46.735203"
"1318","33","PRIMIUVI","GOOD","29","-23.579067","-46.594006"
"1321","31","PUPALU GALA","FOOD","49","-23.631836","-46.735203"
"1324","3","PAZZI PIRPACO ","FOOD",,"-30.038145","-51.20352"
"1325","31","EUCI SGAM ","GOOD","29","-23.629826","-46.735203"
"1330","31","R RIRMIM ","GOOD",,"-23.631836","-46.735203"
"1332","20","SR MIPICIRAI ","GOOD","29","-22.996847","-43.3612"
"1333","20","SUMSARAI ","GOOD","29","-22.996847","-43.3612"
"1335","8","ILUIMIRO ","GOOD","29","-22.921474","-43.23482"
"1338","31","OIGPUARO ","FOOD","49","-23.631836","-46.735203"
"1344","31","CAI RIRAMARI ","GOOD",,"-23.631836","-46.735203"
"1345","29","CAI RIRAMARI ","GOOD","29","-23.561052","-46.558975"
"1378","33","SSIRIVSGA ","GOOD",,"-23.579067","-46.594006"
"1381","13","ILUIMIRO ","GOOD",,"-22.887522","-43.283367"
"1383","13","UMALACISI ","GOOD","29","-22.887522","-43.283367"
"1395","21","IUMZUMUAC FAM ","GOOD",,"-23.550407","-46.72129"
"1397","21","IRM SILG ","GOOD","29","-23.550407","-46.72129"
"1399","3","RUSU ","FOOD","0","-30.038145","-51.20352"
"1401","27","SUPUR GRALA","FOOD","49","-23.622995","-46.699203"
"1404","31","GAIVIMUI PIPO ","GOOD","29","-23.631666","-46.735203"
"1406","26","SUPUR GRALA","FOOD","49","-23.563759","-46.652622"
"1409","17","PAMACIS ","GOOD","29","-23.59955","-46.636757"
"1411","29","CIRACIOU ","GOOD","29","-23.561052","-46.558975"
"1412","29","ISZUI ","GOOD","29","-23.561052","-46.558975"
"1413","20","LUVAES ","GOOD","29","-22.996847","-43.3612"
"1415","8","LUVAES ","GOOD","29","-22.921474","-43.23482"
"1416","13","LUVAES ","GOOD","29","-22.887522","-43.283367"
"1419","8","PLIMUMIO ","GOOD","29","-22.921474","-43.23482"
"1428","8","SILAMIS ","GOOD",,"-22.921474","-43.23482"
"1431","20","UMACAU ","GOOD","29","-22.996847","-43.3612"
"1432","33","LUPI ","GOOD",,"-23.579067","-46.594006"
"1433","33","RIOPULLAMU ","GOOD","29","-23.579067","-46.594006"
"1435","8","USIFLUS ","GOOD","29","-22.921474","-43.23482"
"1437","20","EULIRUM ","GOOD","29","-22.996847","-43.3612"
"1438","13","RIOPULLAMU ","GOOD","29","-22.887522","-43.283367"
"1442","31","AIEMAMIMU IU PRUSEM","GOOD","29","-23.631836","-46.735203"
"1454","36","RUGI SMIRU CICIU SZIS ","GOOD","29","-30.085743","-51.246"
"1455","27","CICIU SZIS ","GOOD","29","-23.622995","-46.699203"
"1458","29","RUGI SMIRU CICIU SZIS ","GOOD","29","-23.561052","-46.558975"
"1460","29","CIARUM SMUOLUMS ","GOOD","29","-23.561052","-46.558975"
"1473","33","PILRUARIS SMIRU ","GOOD","29","-23.579067","-46.594006"
"1474","33","IMICIPRA ","GOOD","29","-23.579067","-46.594006"
"1477","13","CLUPU RULASSI ","GOOD","29","-22.887522","-43.283367"
"1482","36","SSIRIVSGA ","GOOD","29","-22.998898","-43.337105"
"1492","18","ZURAMG CIPICIPIMI ","GOOD","29","-22.972849","-43.18826"
"1495","18","ZURAMG CIMUMU ","GOOD","29","-22.930807","-43.177547"
"1496","18","ZURAMG RAI SUA","GOOD","29","-22.956842","-43.176537"
"1497","35","ZURAMG ","GOOD","29","-22.98237","-43.361244"
"1498","16","ZURAMG IRURACIS ","GOOD","29","-22.973898","-43.36743"
"1507","18","ZURAMG CUMURI ","GOOD","29","-22.902939","-43.17981"
"1508","8","IMACIS CIRIA","GOOD",,"-22.921474","-43.23482"
"1512","8","VAI RAI ","GOOD","29","-22.921474","-43.23482"
"1515","33","AIEMAMIMU IU PRUSEM","GOOD","29","-23.579067","-46.594006"
"1519","26","IPIQA ","GOOD","29","-23.563759","-46.652622"
"1520","25","IPIQA ","GOOD","29","-23.570765","-46.642044"
"1528","20","EULARAI MRIPACIA","FOOD","49","-22.996847","-43.3612"
"1529","17","ï¿½RPIR PILMACI ","GOOD",,"-23.59955","-46.636757"
"1530","36","SUPSIO ","FOOD","49","-30.085743","-51.246"
"1538","33","CISI PIUEUEMI ","GOOD","49","-23.579067","-46.59282"
"1539","21","CISI PIUEUEMI ","GOOD","49","-23.550407","-46.72129"
"1551","3","PRIMGIPA","GOOD",,,
"1556","36","PIPRU SUIM ","FOOD","49","-30.085743","-51.246"
"1560","17","MUG ","GOOD","29","-23.59955","-46.636757"
"1568","33","EUCI SGAM ","GOOD","29","-23.579067","-46.594006"
"1571","27","EURECA MPECILIMUS ","GOOD",,"-23.622995","-46.699203"
"1579","20","ILAVI ","FOOD","49","-22.996847","-43.359634"
"1583","13","LUVAES ","GOOD","29","-22.887522","-43.283367"
"1584","18","LUVAES ","GOOD","29","-22.94733","-43.183533"
"1586","8","EULARAI MRIPACIA","FOOD","49","-22.921474","-43.23482"
"1587","35","EULARAI MRIPACIA","FOOD","49","-22.97315","-43.37081"
"1589","43","R RIRMIM ","GOOD","29","-25.441221","-49.27769"
"1590","20","ISZUI ","GOOD","29","-22.996847","-43.3612"
"1591","33","PUZAMZI E CAI ","GOOD","29","-23.579067","-46.594006"
"1594","51","CZAMULIMACIS ","GOOD","29","-22.927336","-43.572533"
"1600","17","PILRAPO ","GOOD",,"-23.59955","-46.636757"
"1601","28","MIOURIOU ","GOOD","29","-23.595776","-46.685986"
"1602","25","MIOURIOU ","GOOD","29","-23.570765","-46.642044"
"1603","29","MIOURIOU ","GOOD",,"-23.561052","-46.558975"
"1606","36","PIARIUARI","GOOD",,,
"1607","13","EPOSIRPI ","GOOD","29","-22.887522","-43.283367"
"1608","17","CZALLA PUIMS LISI ","GOOD","29","-23.59955","-46.636757"
"1609","43","SIRSUMG ","GOOD",,"-25.441221","-49.27769"
"1610","42","SIRSUMG ","GOOD",,"-25.438766","-49.266533"
"1612","44","SIRSUMG ","GOOD",,"-25.43514","-49.316788"
"1620","27","META EASSU PURUMACU ","GOOD","29","-23.622995","-46.699203"
"1621","20","META EASSU PURUMACU ","GOOD","29","-22.996847","-43.3612"
"1622","29","META EASSU PURUMACU ","GOOD","29","-23.561052","-46.558975"
"1629","25","SIRLE MUMUAS ","GOOD","29","-23.570765","-46.642044"
"1630","33","PIR DA URSI ","GOOD",,"-23.579067","-46.594006"
"1632","17","GRUGIRO ","GOOD","29","-23.59955","-46.636757"
"1633","44","PIRAGUAM","GOOD",,,
"1634","8","ITAOUS ","GOOD",,"-22.921474","-43.23482"
"1635","37","PIPCIRM GIUARUM ","FOOD","29","-23.507105","-46.718197"
"1636","33","PRUSUMA OUS IMSIS ","GOOD","29","-23.579067","-46.594006"
"1641","25","CIRACIOU ","GOOD","29","-23.570765","-46.642044"
"1642","27","CIRACIOU ","GOOD","29","-23.622995","-46.699203"
"1647","44","CIRACIOU ","GOOD","29","-25.43514","-49.316788"
"1649","44","PIRPALA ","GOOD","29","-25.43514","-49.316788"
"1661","44","PUGUM ","GOOD","29","-25.43514","-49.316788"
"1664","26","SPILUMI ","FOOD","49","-23.563759","-46.652622"
"1667","44","CLACAO SLARU ","GOOD","29","-25.43514","-49.316788"
"1674","27","VUSMUR ","GOOD","29","-23.622995","-46.699203"
"1679","17","CUMOIARAS ","GOOD","29","-23.59955","-46.636757"
"1680","43","MAP MIP ","GOOD","29","-25.441221","-49.27769"
"1681","35","ZIM ME MUMEUR ","FOOD","49","-22.97315","-43.37081"
"1685","13","CUMOIARAS ","GOOD","29","-22.887522","-43.283367"
"1693","17","ACULIS MRAMIM ","GOOD","29","-23.59955","-46.636757"
"1696","33","SUPUR GRALA","FOOD","49","-23.579067","-46.594006"
"1704","28","MIUMSAU ","FOOD","49","-23.595776","-46.685986"
"1705","8","CIMRIM ","GOOD","29","-22.921474","-43.23482"
"1721","20","CIRACIOU ","GOOD","29","-22.996847","-43.3612"
"1723","33","CIRACIOU ","GOOD","29","-23.579067","-46.594006"
"1728","33","PASCIAMU ","FOOD","49","-23.579067","-46.594006"
"1729","22","CIRACIOU ","GOOD","29","-23.001696","-43.386494"
"1730","8","CIRACIOU ","GOOD","29","-22.921474","-43.23482"
"1739","20","CIMRIM ","GOOD","29","-22.996847","-43.3612"
"1745","43","PUGUM ","GOOD","29","-25.441221","-49.27769"
"1748","25","SSIRIVSGA ","GOOD","29","-23.570765","-46.642044"
"1772","20","IMIUGA VUGIMI ","FOOD",,"-22.996847","-43.3612"
"1784","21","EURECA ","GOOD",,"-23.550407","-46.72129"
"1787","44","GRUGIRO ","GOOD",,"-25.43514","-49.316788"
"1792","36","ASASS ","FOOD","49","-30.085743","-51.246"
"1799","51","SARIVIGIMZI ","GOOD","29","-22.927336","-43.572533"
"1801","17","ZIPU ","GOOD","29","-23.59955","-46.636757"
"1804","3","RIRAI CISAMZI ","FOOD",,"-30.038145","-51.20352"
"1814","13","I CISI DA PRUSI ","FOOD",,"-22.887522","-43.283367"
"1816","44","RUGI CICIU SZIS ","GOOD","29","-25.43514","-49.316788"
"1820","29","PIRPALA ","GOOD","29","-23.561052","-46.558975"
"1822","27","PIRPALA ","GOOD","29","-23.622995","-46.699203"
"1833","8","ZUS ","GOOD","29","-22.921474","-43.23482"
"1835","25","PASCIAMU ","FOOD","49","-23.570765","-46.642044"
"1842","13","TRAPRAM POI ","FOOD","49","-22.887522","-43.283367"
"1844","51","RUGI SMIRU CICIU SZIS ","GOOD","29","-22.927336","-43.572533"
"1852","36","PILIMCUIOU ","FOOD","49","-30.085743","-51.246"
"1855","16","CRICS ","GOOD","29","-23.020708","-43.4897"
"1867","27","CUMOIARAS ","GOOD","29","-23.622995","-46.699203"
"1872","26","CUMOIARAS ","GOOD","29","-23.563759","-46.652622"
"1873","26","CUMOIARAS QUAISQA ","GOOD","29","-23.563759","-46.652622"
"1874","25","CUMOIARAS ","GOOD","29","-23.570765","-46.642044"
"1875","25","CUMOIARAS ","GOOD",,"-23.570765","-46.642044"
"1881","20","CUMOIARAS ","GOOD","29","-22.996847","-43.3612"
"1882","20","CUMOIARAS QUAISQA MO ","GOOD","29","-22.996847","-43.3612"
"1883","31","CIPIOURMU ","GOOD",,"-23.631836","-46.735203"
"1888","33","ZIVIAIMIS ","GOOD","29","-23.579067","-46.594006"
"1899","21","VPUIUMO ","GOOD","29","-23.550407","-46.72129"
"1910","17","ARIGAMIRAUR ","GOOD","29","-23.59955","-46.636757"
"1911","13","USPIRMU FAMI SMIRU ","GOOD","29","-22.887522","-43.283367"
"1914","16","PIRMI DA SIPIR ","FOOD","49","-23.020708","-43.4897"
"1923","3","GUIAPUCI PURGUR ","FOOD","49","-30.038145","-51.20352"
"1924","20","VIMS ","GOOD","29","-22.996847","-43.3612"
"1925","17","I PIMACIRAI ","GOOD","29","-23.59955","-46.636757"
"1926","17","META EASSU PURUMACU ","GOOD","29","-23.59955","-46.636757"
"1928","44","SIZMUO RICAUMS ","FOOD","49","-25.43514","-49.316788"
"1930","20","USPUMUI CIRAICI ","FOOD","49","-22.996847","-43.3612"
"1940","31","PAMACIS ","GOOD","19","-23.631836","-46.735203"
"1964","13","LUEMIS MOIM ","GOOD","29","-22.887522","-43.283367"
"1967","43","RIRIMI ","GOOD","29","-25.441221","-49.27769"
"1981","13","LIFM ","GOOD",,"-22.887522","-43.283367"
"1984","43","SUSZAIGA ","FOOD","49","-25.441221","-49.27769"
"1987","20","PIRPALA ","GOOD","29","-22.996847","-43.3612"
"1992","43","CZALLA PUIMS ","GOOD","29","-25.441221","-49.27769"
"1996","51","META EASSU PURUMACU ","GOOD","29","-22.927336","-43.572533"
"1997","18","META EASSU PURUMACU ","GOOD","29","-22.94733","-43.183533"
"1999","43","META EASSU PURUMACU ","GOOD","29","-25.441221","-49.27769"
"2002","44","META EASSU PURUMACU ","GOOD","29","-25.43514","-49.316788"
"2006","18","LUVAES ","GOOD","29","-22.94733","-43.183533"
"2007","26","ZIVIMUI ","GOOD","29","-23.563759","-46.652622"
"2008","8","META EASSU PURUMACU ","GOOD","29","-22.921474","-43.23482"
"2012","44","EURECA ","GOOD","29","-25.43514","-49.316788"
"2013","31","EURECA ","GOOD","29","-23.631836","-46.735203"
"2014","20","EURECA ","GOOD","29","-22.996847","-43.3612"
"2026","13","LU EUPAIMAR ","FOOD","49","-22.887522","-43.283367"
"2028","13","CZALLA PUIMS ","GOOD","29","-22.887522","-43.283367"
"2036","44","SUSZAIGA ","FOOD","49","-25.43514","-49.316788"
"2037","28","LUVAES ","GOOD","29","-23.595776","-46.685986"
"2043","31","IRUZZI ","GOOD","29","-23.631836","-46.735203"
"2047","17","LUVAS ","GOOD","29","-23.59955","-46.636757"
"2049","17","SIRLE MUMUAS ","GOOD","29","-23.59955","-46.636757"
"2050","33","IRUZZI ","GOOD","29","-23.579067","-46.594006"
"2052","13","AERUIR  ","GOOD",,"-22.887522","-43.283367"
"2055","8","SIMUI LIMOI ","GOOD","29","-22.921474","-43.23482"
"2060","43","FIPRACI EA MPECILIMU ","FOOD","49","-25.441221","-49.27769"
"2061","42","FIPRACI EA MPECILIMU ","FOOD","49","-25.438766","-49.266533"
"2070","31","PA PISACI ","GOOD","29","-23.631836","-46.735203"
"2073","21","PIMOURI ","GOOD","29","-23.550407","-46.72129"
"2074","42","PUPALU RAS ","FOOD","49","-25.438766","-49.266533"
"2078","13","MIRMUVAVI","GOOD","29","-22.887522","-43.283367"
"2079","13","ARIGAMIRAUR ","GOOD","29","-22.887522","-43.283367"
"2080","8","SIRGU PASMPEOL ","GOOD","29","-22.921474","-43.23482"
"2097","33","CICIU SZIS ","GOOD","29","-23.579067","-46.594006"
"2109","21","ZIVIAIMIS ","GOOD","29","-23.550407","-46.72129"
"2110","27","CRAIRAGIS ","GOOD","29","-23.622995","-46.699203"
"2112","51","PIMRIMA ","FOOD","49","-22.926905","-43.572533"
"2118","8","ZIPU ","GOOD","29","-22.921474","-43.23482"
"2136","27","CAI RIRAMARI ","GOOD","29","-23.622995","-46.699203"
"2137","33","RUSURVI ","GOOD","29","-23.579067","-46.594006"
"2138","33","QUAGSALVUR ","GOOD","29","-23.579067","-46.594006"
"2139","33","EAVAMI FIGOI ","FOOD","49","-23.579067","-46.59282"
"2142","43","ILZI I TRAPRIS ","FOOD","49","-25.441221","-49.27769"
"2149","43","VUG U LUV ","FOOD","49","-25.441221","-49.27769"
"2150","31","IRMU UR RUMILZIS ","GOOD","29","-23.631836","-46.735203"
"2156","43","RO PISMUAS ","FOOD","49","-25.441221","-49.27769"
"2161","28","EAVAMI FIGOI ","FOOD","49","-23.595776","-46.685986"
"2167","25","CIPIOURMU ","GOOD","29","-23.570765","-46.642044"
"2168","17","IMICIPRA ","GOOD","29","-23.59955","-46.636757"
"2169","31","AMACI RAMIMA ","GOOD",,"-23.631836","-46.735203"
"2170","37","SIZMUO RICAUMS ","FOOD","49","-23.507105","-46.718197"
"2181","13","LILI CISRUMACS ","GOOD","29","-22.887522","-43.283367"
"2188","44","RO PISMUAS ","FOOD","49","-25.43514","-49.316788"
"2189","42","RO PISMUAS ","FOOD","49","-25.438766","-49.266533"
"2193","21","RIOPULLAMU ","GOOD",,"-23.550407","-46.72129"
"2198","13","AZASSARI ","GOOD","29","-22.887522","-43.283367"
"2211","35","IMRISFURI SPIRM MUMRAMAIM ","GOOD","29","-22.97315","-43.37081"
"2216","18","PAMACIS ","GOOD","29","-22.94733","-43.183533"
"2221","33","MUG ","GOOD","29","-23.579067","-46.594006"
"2229","42","MUG ","GOOD","29","-25.438766","-49.266533"
"2233","31","MAP MIP ","GOOD","29","-23.629826","-46.735203"
"2244","17","PUGUM ","GOOD","29","-23.59955","-46.636757"
"2249","20","EU POI MI ILRIMI ","FOOD","0","-22.996847","-43.359634"
"2257","42","LOI CISROMACIS ","GOOD","29","-25.438766","-49.266533"
"2260","44","CZALLA PUIMS ","GOOD","29","-25.43514","-49.316788"
"2261","43","LOI CISROMACIS ","GOOD","29","-25.441221","-49.27769"
"2264","33","MAP MIP ","GOOD",,"-23.579067","-46.594006"
"2267","17","SIZ DA IMIA ","FOOD","49","-23.59955","-46.636757"
"2270","73","LIGGAPLUS","FOOD",,,
"2274","27","LILI CISRUMACS ","GOOD",,"-23.622995","-46.699203"
"2275","20","LILI CISRUMACS ","GOOD","29","-22.996847","-43.3612"
"2276","28","LILI CISRUMACS ","GOOD","29","-23.595776","-46.685986"
"2278","51","IPA EMUOU ","GOOD",,,
"2292","37","AIEMAMIMU IU PRUSEM","GOOD","29","-23.507105","-46.718197"
"2306","13","ZIVIAIMIS ","GOOD",,"-22.887522","-43.283367"
"2311","13","PAGAES ","GOOD","29","-22.887522","-43.283367"
"2313","36","IPALUPAES ","FOOD","49","-30.085743","-51.246"
"2317","37","SIRSUMG ","GOOD","0","-23.507105","-46.718197"
"2326","37","CLUPU RULASSI ","GOOD",,"-23.507105","-46.718197"
"2354","13","RIOIAMRUEUA","FOOD","49","-22.887522","-43.283367"
"2355","17","URPARAI IEUGI PULIMIS ","GOOD","29","-23.581713","-46.64582"
"2356","8","CAI RIRAMARI ","GOOD","29","-22.921474","-43.234776"
"2390","8","SIRLE MUMUAS ","GOOD",,"-22.921474","-43.23482"
"2398","27","EAVAMI FIGOI ","FOOD","49","-23.622995","-46.699203"
"2400","75","CLUPU RULASSI ","GOOD","29","-25.477074","-49.28966"
"2403","42","CLUPU RULASSI ","GOOD",,"-25.438766","-49.266533"
"2404","43","CLUPU RULASSI ","GOOD","29","-25.441221","-49.27769"
"2413","51","RE GULIMURAI ","FOOD",,"-22.927336","-43.572533"
"2414","75","CAI DA PUERI ","GOOD","29","-25.477074","-49.28966"
"2425","33","CMS ","GOOD",,"-23.579067","-46.594"
"2429","44","PUPALU RAS MUI ","FOOD",,"-25.43514","-49.316788"
"2432","42","MUMUO PIVIRAIM ","FOOD","29","-25.438766","-49.266533"
"2433","75","MUMUO PIVIRAIM ","FOOD","29","-25.477074","-49.28966"
"2434","75","MZU PIEO SZIP ","GOOD",,"-25.477074","-49.28966"
"2436","75","ZURAMG GAES ","GOOD","29","-25.477074","-49.28966"
"2439","37","PAZZI ZUM ","FOOD","49","-23.507105","-46.718197"
"2447","13","CISIS PUERI ","GOOD","29","-22.886774","-43.283165"
"2451","13","SUSMAMA ","GOOD",,"-22.887522","-43.283367"
"2459","44","EUCI SGAM ","GOOD","29","-25.43514","-49.316788"
"2463","75","RIRG LISUR PURSIMILAMO ","GOOD",,"-25.477074","-49.28966"
"2465","28","CIMSMIMCU ","GOOD",,"-23.595776","-46.685986"
"2466","37","LUVAES ","GOOD",,"-23.507105","-46.718197"
"2468","26","AIEMAMIMU IU PRUSEM","GOOD","29","-23.563759","-46.652622"
"2471","75","SIRSUMG ","GOOD",,"-25.477074","-49.28966"
"2479","37","IRUZZI ","GOOD","29","-23.507105","-46.718197"
"2480","27","CLUPU RULASSI ","GOOD","29","-23.622995","-46.699203"
"2482","31","LICISMU ","GOOD","29","-23.631836","-46.735203"
"2489","75","CIRACIOU ","GOOD","29","-25.477074","-49.28966"
"2500","51","CEI ","GOOD",,"-22.927336","-43.572533"
"2505","13","IRUZZI ","GOOD","29","-22.887522","-43.283367"
"2518","21","EUCI SGAM QUAISQA ","GOOD","29","-23.550407","-46.72129"
"2529","27","EUCI SGAM ","GOOD","29","-23.622995","-46.699203"
"2541","51","GIMA ","FOOD","49","-22.927336","-43.572533"
"2542","20","EUCI SGAM ","GOOD","29","-22.996847","-43.3612"
"2543","20","EUCI SGAM ","GOOD","29","-22.996847","-43.35981"
"2545","29","EUCI SGAM ","GOOD","29","-23.561052","-46.558975"
"2559","51","PIARU ","FOOD",,"-22.927336","-43.572533"
"2583","43","PRURAIMUI ","FOOD","49","-25.441221","-49.27769"
"2587","75","PEC PILIS ","FOOD","49","-25.477074","-49.28966"
"2595","8","USPIRMU FAMI SMIRU ","GOOD",,"-22.921474","-43.234776"
"2604","21","GIPUMZIGUM ","GOOD",,"-23.550407","-46.72129"
"2640","27","CZALLA PUIMS ","GOOD","29","-23.622995","-46.699203"
"2645","31","GRIME CRU ","GOOD","29","-23.629826","-46.735203"
"2658","75","LUI CISRUMACIS ","GOOD","29","-25.477074","-49.28966"
"2661","75","RALGLIMEAI ","GOOD","29","-25.477074","-49.28966"
"2664","75","ZIVIMUI ","GOOD","29","-25.477074","-49.28966"
"2700","26","MZU SUACU LIP ","FOOD","49","-23.563759","-46.652622"
"2703","75","MPECILIMUS PRISEMCICIU ","GOOD","29","-25.477074","-49.28966"
"2710","75","ZIVIAIMIS ","GOOD","29","-25.477074","-49.28966"
"2730","44","TRAF VURGO ","FOOD","49","-25.43514","-49.316788"
"2732","35","RO PRISMAUS ","FOOD","49","-22.96988","-43.37081"
"2734","51","PALLO MZU GRALA","FOOD","49","-22.926905","-43.572533"
"2749","51","PALLO PURGAR ","FOOD","49","-22.927336","-43.572533"
"2754","28","IMO IMO ","GOOD","29","-23.595215","-46.685986"
"2756","29","IMO IMO ","GOOD","29","-23.561052","-46.558975"
"2764","44","RUG ICUSSIRAIS AMFIMUAS ","GOOD","29","-25.43514","-49.316788"
"2785","37","GIPUMZIGUM ","GOOD","29","-23.507105","-46.718197"
"2800","75","LIVAM ","GOOD","29","-25.477074","-49.28966"
"2812","31","EAVAMI FIGOI ","FOOD","49","-23.629826","-46.735203"
"2816","27","IMO IMO ","GOOD","29","-23.622995","-46.699203"
"2836","75","RO COIGAUS ","FOOD","49","-25.477074","-49.28966"
"2861","44","CISI PIUEUEMI ","GOOD","29","-25.43514","-49.316788"
"2863","36","URPIRAI USSUMZI ","GOOD","29","-30.085743","-51.246"
"2872","13","RALGLIMEAI ","GOOD","29","-22.887522","-43.283367"
"2888","75","CISI PIUEUEMI ","GOOD","0","-25.477074","-49.28966"
"2891","75","CISAMZI LIVURS ","FOOD","49","-25.477074","-49.28966"
"2894","42","LIVAIM ","FOOD","49","-25.438766","-49.266533"
"2904","8","OUMZIZ ","GOOD","29","-22.921474","-43.23482"
"2908","36","IPALUPAES ERAMGS ","FOOD","49","-30.085743","-51.246"
"2917","17","RIOPULLAMU ","GOOD","29","-23.59955","-46.636757"
"2933","8","CISI PIUEUEMI ","GOOD",,"-22.921474","-43.23482"
"2948","42","GUIRGUES ","FOOD","49","-25.438766","-49.266533"
"2954","29","MICI PULA","FOOD","0","-23.561052","-46.558975"
"2955","20","MICI PULA","FOOD","0","-22.996847","-43.35981"
"2956","18","MICI PULA","FOOD","49","-22.94733","-43.183533"
"2958","35","MICI PULA","FOOD","0","-22.96988","-43.37081"
"2959","33","MICI PULA","FOOD","0","-23.579067","-46.594006"
"2960","27","MICI PULA","FOOD","0","-23.622995","-46.699203"
"2962","25","MICI PULA","FOOD","0","-23.57075","-46.642044"
"2963","17","MICI PULA","FOOD","0","-23.59955","-46.636757"
"2964","8","MICI PULA","FOOD","0","-22.921474","-43.23482"
"2971","51","AR FAM ","FOOD","49","-22.926905","-43.572533"
"2980","75","SUSZAIGA ","FOOD","49","-25.477074","-49.28966"
"3000","42","PIUARUR ","GOOD","29","-25.438766","-49.266533"
"3001","43","RULMACIASIS ","GOOD","29","-25.441221","-49.27769"
"3008","75","FRUG FRIZUM ","FOOD","49","-25.477074","-49.28966"
"3012","43","CISI PIUEUEMI ","GOOD","29","-25.441221","-49.27769"
"3016","18","RO PRISMAUS ","FOOD","49","-22.94733","-43.183533"
"3019","29","CISI PIUEUEMI ","GOOD","29","-23.561052","-46.558975"
"3021","43","CISI PILIME ","GOOD","49","-25.441221","-49.27769"
"3048","35","CRUPULICOS ","FOOD","49","-22.96988","-43.37081"
"3060","29","PIGUE PIPACO ","FOOD","49","-23.561052","-46.558975"
"3062","25","CISI PIUEUEMI ","GOOD","29","-23.57017","-46.642044"
"3063","20","RIARIMUA","GOOD","29","-22.996847","-43.359634"
"3068","37","PIGUE PIPACO ","FOOD","49","-23.507105","-46.718197"
"3070","17","PIGUE PIPACO ","FOOD","49","-23.59955","-46.636757"
"3071","31","PIGUE PIPACO ","FOOD","49","-23.631836","-46.735203"
"3077","75","PIP RU ","GOOD","29","-25.477074","-49.28966"
"3091","25","PIGUE PIPACO ","FOOD","49","-23.570765","-46.642044"
"3097","26","PIGUE PIPACO ","FOOD","49","-23.563759","-46.652622"
"3105","27","PIGUE PIPACO ","FOOD","49","-23.622995","-46.699203"
"3117","8","PIPS ","FOOD","49","-22.921474","-43.23482"
"3128","20","GAMGS ","GOOD","29","-22.996847","-43.359634"
"3162","37","RULMACIASIS ","GOOD","29","-23.507105","-46.718197"
"3172","44","ZIVIMUI ","GOOD","29","-25.43514","-49.316788"
"3182","51","MAR ","GOOD","29","-22.927336","-43.572533"
"3183","8","MAR ","GOOD","29","-22.921474","-43.23482"
"3185","13","MAR ","GOOD","29","-22.887522","-43.283367"
"3218","27","RUG ICUSSIRAIS AMFIMUAS ","GOOD","39","-23.622995","-46.699203"
"3222","20","PIRMI DA SIPIR ","FOOD","49","-22.996847","-43.3612"
"3230","42","SUSZA OIRI ","FOOD","49","-25.438766","-49.266533"
"3254","28","PIMOURUA","FOOD","49","-23.595776","-46.685986"
"3265","37","EAVAMI FIGOI ","FOOD","49","-23.507105","-46.718197"
"3279","44","SALITO ","GOOD","29","-25.43514","-49.316788"
"3284","31","MZU PIEO SZIP ","GOOD","29","-23.629826","-46.735203"
"3285","25","MZU PIEO SZIP ","GOOD","29","-23.57017","-46.642044"
"3296","29","PRAGIEURAI ","FOOD","49","-23.561052","-46.558975"
"3322","13","USPIMI RUPRI MUGRI ","GOOD","29","-22.887522","-43.283367"
"3324","36","LIS RUS ","FOOD","49","-30.085743","-51.246"
"3325","33","META EASSU PURUMACU ","GOOD","29","-23.579067","-46.59282"
"3365","31","RIOPULLAMU ","GOOD","29","-23.629826","-46.735203"
"3370","28","PUGUM ","GOOD","29","-23.595776","-46.685986"
"3388","43","SURIMRI ","GOOD","29","-25.441221","-49.27769"
"3393","20","UV LAMU ","GOOD","29","-22.996847","-43.359634"
"3394","8","UV LAMU ","GOOD","29","-22.921474","-43.23482"
"3401","43","FRUEOU ","FOOD","49","-25.441221","-49.27769"
"3402","44","FRUEOU ","FOOD","49","-25.43514","-49.316788"
"3403","75","FRUEOU ","FOOD","49","-25.477074","-49.28966"
"3404","42","FRUEOU ","FOOD","49","-25.438766","-49.266533"
"3405","27","PAMOIPIMG ","GOOD","29","-23.622995","-46.699203"
"3406","20","QUAGSALVUR ","GOOD","29","-22.996847","-43.359634"
"3412","75","RO PISMUAS ","FOOD","49","-25.477074","-49.28966"
"3418","25","IMACIS CIRIA","GOOD","29","-23.57017","-46.642044"
"3420","18","MZU PIEO SZIP ","GOOD","29","-22.94733","-43.183533"
"3422","3","EURECA ","GOOD",,"-30.037415","-51.20352"
"3432","43","RIOPULLAMU ","GOOD","29","-25.441221","-49.27769"
"3433","13","GRIME CRU ","GOOD","29","-22.887522","-43.283367"
"3434","33","I PIMACIRAI ","GOOD","29","-23.579067","-46.59282"
"3450","13","GIMAMI ","FOOD",,"-22.887522","-43.283367"
"3451","37","PUGUM ","GOOD","29","-23.507105","-46.718197"
"3460","75","CIRIOURI PURGAR ","FOOD","29","-25.477074","-49.28966"
"3468","75","RIVUMOI MRIMUIRAI ","FOOD","49","-25.477074","-49.28966"
"3490","25","IMO IMO ","GOOD","29","-23.570765","-46.642044"
"3491","31","IMO IMO ","GOOD","29","-23.631836","-46.735203"
"3492","17","IMO IMO ","GOOD","29","-23.59955","-46.636757"
"3493","33","IMO IMO ","GOOD","29","-23.579067","-46.594006"
"3497","26","IMO IMO ","GOOD","29","-23.563759","-46.652622"
"3498","37","IMO IMO ","GOOD","29","-23.507105","-46.718197"
"3500","13","MIA ","FOOD","29","-22.887522","-43.283367"
"3509","51","GASSA ","FOOD","49","-22.927336","-43.572533"
"3510","13","PAIRUMOU ","GOOD","29","-22.887522","-43.283367"
"3512","75","GOI SIPIMUSU ","FOOD","49","-25.477074","-49.28966"
"3528","51","ZIM M MUMEUR ","FOOD","49","-22.927336","-43.572533"
"3530","43","PRIMI U IRMU ","GOOD","29","-25.441221","-49.27769"
"3535","25","CZALLA PUIMS ","GOOD","29","-23.570765","-46.642044"
"3541","44","SUGIR PIGURO ","FOOD","49","-25.43514","-49.316788"
"3546","37","RIUSSUCIGU ","FOOD","49","-23.507105","-46.718197"
"3553","13","ILUMGI PRISMAUS ","GOOD","29","-22.887522","-43.283367"
"3588","35","IRUZZI ","GOOD","49","-22.97315","-43.37081"
"3595","43","IASZPILITA ","FOOD","49","-25.441221","-49.27769"
"3609","42","ZIZULO ","GOOD","29","-25.438766","-49.266533"
"3612","36","IMIA CIMCUPM ","FOOD","29","-30.085743","-51.246"
"3615","33","GAIVIMUI PIPO ","GOOD","29","-23.579067","-46.594006"
"3625","13","CIPRU ","FOOD","49","-22.887522","-43.283367"
"3627","13","O GARI! ","FOOD","49","-22.887522","-43.283367"
"3631","8","GIPUMZIGUM ","GOOD","29","-22.921474","-43.23482"
"3639","21","SUCOI LIMTRAS ","FOOD","49","-23.550407","-46.72129"
"3641","13","MRUS GIROUS ","FOOD","49","-22.887522","-43.283367"
"3644","75","ASOI ","FOOD","29","-25.477074","-49.28966"
"3646","43","ZIZULO ","GOOD","29","-25.441221","-49.27769"
"3648","8","PAMACIS ","GOOD","29","-22.921474","-43.23482"
"3688","21","SIFASMAQA ","GOOD","29","-23.550407","-46.72129"
"3694","51","VALLUES CIOLA E CIGU CIE ","FOOD",,"-22.927336","-43.572533"
"3711","44","RIRAI IMIA ","FOOD","49","-25.43514","-49.316788"
"3712","75","RIRAI IMIA ","FOOD","49","-25.477074","-49.28966"
"3721","27","PUPALUGALA","FOOD","49","-23.622995","-46.699203"
"3723","17","CZALLA PUIMS QSQ ","GOOD","29","-23.59955","-46.636757"
"3728","13","MU PURGAR ","FOOD",,"-22.887522","-43.283367"
"3752","86","PRIGRIR ","GOOD","29","-23.541502","-46.576717"
"3766","21","MRIRI LIP ","GOOD","29","-23.550407","-46.72129"
"3767","86","PIARUGGAI ","FOOD","49","-23.541502","-46.576717"
"3770","51","OUR ZOLAI ","FOOD","49","-22.927336","-43.572533"
"3778","33","PAZZI ZUM ","FOOD","49","-23.579067","-46.594006"
"3780","75","SIZMUO RICAUMS ","FOOD","49","-25.477074","-49.28966"
"3804","37","TRAPRAM POI ","FOOD","49","-23.507105","-46.718197"
"3808","75","SPICU CISU ","GOOD",,"-25.477074","-49.28966"
"3821","35","PIRMI DA SIPIR ","FOOD","49","-22.97315","-43.37081"
"3822","37","SITAO OUCUS ","FOOD","49","-23.507105","-46.718197"
"3832","21","GIOUG ","GOOD","29","-23.550407","-46.72129"
"3835","91","MUG ","GOOD","29","-19.875357","-43.925262"
"3847","86","IRIR OIS PUOUMIS ","FOOD","49","-23.541502","-46.576717"
"3862","27","SIRSUMG ","GOOD","0","-23.622995","-46.69861"
"3884","20","IRUZZI ","GOOD","29","-22.996847","-43.3612"
"3902","26","CIRIRIOU CIRIROI ","FOOD","49","-23.563759","-46.652622"
"3916","75","PIPS ","FOOD","0","-25.477074","-49.28966"
"3919","43","SALVAI OURAMG ","GOOD","29","-25.441221","-49.27769"
"3920","25","PUPALUGALA","FOOD","49","-23.570765","-46.642044"
"3930","16","PALLO MZU GRALA","FOOD","49","-23.020708","-43.4897"
"3935","75","MRAIRAEMA ","FOOD","49","-25.43514","-49.28966"
"3936","85","MIUMSAU ","FOOD","49","-23.515253","-46.618355"
"3937","44","MRAIRAEMA ","FOOD","49","-25.43514","-49.316788"
"3938","44","SFAZI GRALA","FOOD","49","-25.43514","-49.316788"
"3943","44","GARIOLIS ","FOOD","49","-25.43514","-49.316788"
"3961","20","OULU! RUSACIMI ","FOOD","49","-22.996847","-43.3612"
"3965","28","PAZZI ZUM ","FOOD","49","-23.595776","-46.685986"
"3966","85","PAZZI ZUM ","FOOD","49","-23.515253","-46.618355"
"3968","85","POILA ","FOOD","49","-23.513353","-46.618355"
"3973","85","GRIME CRU ","GOOD","29","-23.513353","-46.618355"
"3984","85","VAOU SIUOUVUA","FOOD","49","-23.513353","-46.618355"
"3986","85","VUGIM LIVURS ","FOOD","49","-23.515516","-46.618355"
"3987","85","POI ILARUMUIMOI ","FOOD","49","-23.513353","-46.618355"
"3995","85","USIFLUS ","GOOD","29","-23.515253","-46.618355"
"3996","85","PASCIAMU ","FOOD","49","-23.515253","-46.618355"
"4002","43","IMIA VAMOI RISI ","FOOD","49","-25.441221","-49.27769"
"4003","85","EA POILI ","FOOD","49","-23.515253","-46.618355"
"4009","33","CILVAM GLUAM ","GOOD","29","-23.579067","-46.594006"
"4012","13","CICI PIRPU ","FOOD","0","-22.887522","-43.283367"
"4015","37","GARIOLIS ","FOOD","49","-23.507105","-46.718197"
"4016","85","FACZAPS ","FOOD","49","-23.515253","-46.618355"
"4022","18","RALGLIMEAI ","FOOD","49","-22.94733","-43.183533"
"4023","8","RALGLIMEAI ","FOOD","49","-22.921474","-43.23482"
"4025","37","RIARIZAMI ","FOOD","49","-23.507105","-46.718197"
"4026","25","RIARIZAMI ","FOOD","49","-23.570765","-46.642044"
"4058","85","MICI PULA","FOOD","49","-23.515253","-46.618355"
"4064","85","I CRUPURAI ","FOOD","49","-23.513353","-46.618355"
"4072","44","SUCOI LIMTRAS ","FOOD","49","-25.43514","-49.316788"
"4097","51","SMITAUR SMUIGZIUSU ","FOOD","49","-22.927336","-43.572533"
"4105","8","SZIPUAMG MASUCI ","GOOD",,"-22.92706","-43.238518"
"4109","17","SZIPUAMG RUMRI SIMUI CRUZ ","GOOD",,"-23.598469","-46.63669"
"4110","31","SZIPUAMG SIREAR SUA","GOOD",,"-23.630852","-46.735397"
"4121","21","PIEO FIR SURU ","GOOD","29","-23.550407","-46.72129"
"4132","43","RIMI CURVUSUARI ","FOOD","49","-25.441221","-49.27769"
"4139","86","MIAOIMG ","FOOD","49","-23.541502","-46.576717"
"4142","18","CIRIROI U CAI ","FOOD","49","-22.94733","-43.183533"
"4151","85","OIGPUARO ","FOOD","49","-23.513353","-46.618492"
"4153","44","PIP CIRM GIUARUM ","FOOD","49","-25.43514","-49.316788"
"4157","51","IARIZOR FAM ","GOOD","49","-22.927336","-43.572533"
"4159","29","OIGPUARO ","FOOD","49","-23.561052","-46.558975"
"4161","26","ZIPU ","GOOD","29","-23.563759","-46.652622"
"4164","26","IMUAS ","GOOD","29","-23.563759","-46.652622"
"4165","26","IMICIPRA ","GOOD","29","-23.563759","-46.652622"
"4167","26","STRAMZ ","GOOD","29","-23.563759","-46.652622"
"4170","26","ZIAGIA ","GOOD","29","-23.563759","-46.652622"
"4171","26","MRICA E FAULE ","GOOD","29","-23.563759","-46.652622"
"4181","26","ZIVIAIMIS ","GOOD","29","-23.563759","-46.652622"
"4184","26","LUPI ","GOOD","29","-23.563759","-46.652622"
"4195","26","IRUZZI ","GOOD","29","-23.563759","-46.652622"
"4199","26","I PIMACIRAI ","GOOD","29","-23.563759","-46.652622"
"4200","8","OIGIPUARRO ","FOOD","49","-22.921474","-43.23482"
"4201","85","ZIVIMUI ","GOOD","49","-23.513353","-46.618492"
"4202","26","RAZIPAO ","GOOD","29","-23.563759","-46.652622"
"4203","22","IRULAU CRUPURAU ","FOOD","49","-23.001696","-43.386494"
"4204","22","SIZI FOIE ERAMGS ","FOOD","49","-23.001696","-43.386494"
"4206","85","USPUMI RIMAI ","FOOD","49","-23.513353","-46.618492"
"4207","16","ARE PIMUAUR ","FOOD","49","-23.020708","-43.4897"
"4208","26","MAP MIP ","GOOD","29","-23.563759","-46.652622"
"4210","33","RCOUMILES ","FOOD",,"-23.579067","-46.594006"
"4211","29","RCOUMILES ","FOOD",,"-23.561052","-46.558975"
"4213","17","RCOUMILES ","FOOD",,"-23.59955","-46.636757"
"4214","44","RCOUMILES ","FOOD",,"-25.43514","-49.316788"
"4243","85","IMO IMO ","GOOD","29","-23.513353","-46.618492"
"4245","33","ZAMZIMU ","GOOD","29","-23.579067","-46.594006"
"4255","85","URPIRAI VAGMIRIZZA ","GOOD","49","-23.513353","-46.618492"
"4262","85","CIPIOURMU ","GOOD","29","-23.513353","-46.618492"
"4264","85","SALITO ","GOOD","29","-23.513353","-46.618492"
"4266","75","SALITO ","GOOD","29","-25.477074","-49.28966"
"4271","17","RAMA GILZIMU ","FOOD","49","-23.59955","-46.636757"
"4272","75","ILACU SILIZIR ","GOOD","29","-25.477074","-49.28966"
"4292","75","P PAZZI ","FOOD","49","-25.477074","-49.28966"
"4296","85","MZU PIEO SZIP ","GOOD","29","-23.513353","-46.618492"
"4299","21","ZISARIS ","GOOD","29","-23.550407","-46.72129"
"4300","33","SIM RIRZIMI ","FOOD","49","-23.579067","-46.594006"
"4302","42","IMIA VAMOI RISI ","FOOD","49","-25.438766","-49.266533"
"4305","20","RCOUMILES ","FOOD","0","-22.996847","-43.3612"
"4314","25","RCOUMILES ","FOOD",,"-23.570765","-46.642044"
"4315","27","RCOUMILES ","FOOD","0","-23.622995","-46.699203"
"4316","43","RCOUMILES ","FOOD","0","-25.441221","-49.27769"
"4317","85","PIRPALA ","GOOD","29","-23.513353","-46.618492"
"4320","21","CAI RIRAMARI ","GOOD","29","-23.550407","-46.72129"
"4328","27","LUPI ","GOOD","29","-23.622995","-46.699203"
"4329","55","MUSPUO SMIRU ","GOOD","1","-23.521776","-46.624153"
"4334","44","SILSI GRALA","FOOD",,"-25.43514","-49.316788"
"4335","20","PASCIAMU ","FOOD","49","-22.996847","-43.3612"
"4336","26","MAR ","GOOD","29","-23.563759","-46.652622"
"4344","31","CIRACIOU ","GOOD","1","-23.631836","-46.735203"
"4347","36","CIRACIOU ","GOOD","1","-30.085743","-51.246"
"4348","28","CIRACIOU ","GOOD","1","-23.595776","-46.685986"
"4352","35","CIRACIOU ","GOOD","1","-22.97315","-43.37081"
"4354","33","RUA DA RIMU ","FOOD","49","-23.579067","-46.594006"
"4355","13","CIRACIOU ","GOOD","1","-22.887522","-43.283367"
"4373","86","MICI PULA","FOOD","49","-23.541502","-46.576717"
"4386","28","SALITO ","GOOD","29","-23.595776","-46.685986"
"4388","29","RIOPULLAMU ","GOOD","29","-23.561052","-46.558975"
"4389","85","RUMAR ","GOOD","1","-23.513353","-46.618492"
"4396","85","LAZ ","GOOD","29","-23.513353","-46.618492"
"4398","37","ILACU SILIZIR ","GOOD","29","-23.507105","-46.718197"
"4402","51","PIMUCI DA RIMILI ","FOOD","49","-22.927336","-43.572533"
"4403","13","GIPUMZIGUM QSQ  ","GOOD","29","-22.887522","-43.283367"
"4434","35","GIPUMZIGUM ","GOOD","49","-22.97315","-43.37081"
"4439","75","IMI MURUZI ","GOOD","49","-25.477074","-49.28966"
"4440","75","CICIU SZIS ","GOOD","49","-25.477074","-49.28966"
"4441","35","RIRASIA","GOOD","29","-22.97315","-43.37081"
"4442","35","CIMSMIMCU ","GOOD","29","-22.97315","-43.37081"
"4443","75","GIPUMZIGUM ","GOOD","49","-25.477074","-49.28966"
"4447","35","LU PISMATRA ","GOOD",,"-22.97315","-43.37081"
"4448","35","ZIPU ","GOOD","29","-22.97315","-43.37081"
"4449","35","CUMOIARAS ","GOOD","29","-22.97315","-43.37081"
"4451","13","CZALLA PUIMS ","GOOD","49","-22.887522","-43.283367"
"4452","43","GIPUMZIGUM ","GOOD","49","-25.441221","-49.27769"
"4453","42","GIPUMZIGUM ","GOOD","49","-25.438766","-49.266533"
"4459","13","GAESMIG ","GOOD","29","-22.887522","-43.283367"
"4462","37","RIRIMI ","GOOD","29","-23.507105","-46.53152"
"4467","37","MAP MIP ","GOOD","29","-23.507105","-46.718197"
"4483","85","SIGO ","GOOD","29","-23.513353","-46.618492"
"4484","35","VAI RAI ","GOOD","29","-22.97315","-43.37081"
"4488","36","RIARI RAI ","FOOD","49","-30.085743","-51.246"
"4489","29","LALACI E MAGIR ","GOOD",,"-23.561052","-46.558975"
"4491","13","MIRMU SZIPUAMG ","GOOD",,"-22.8875","-43.284885"
"4498","85","ARIGAMIRAUR ","GOOD","49","-23.513353","-46.618492"
"4510","33","OIGPUARO ","FOOD",,"-23.579067","-46.594006"
"4512","20","CIRIROI U CAI ","FOOD","49","-22.996847","-43.3612"
"4524","35","RALIM ","GOOD","29","-22.97315","-43.37081"
"4531","37","IRMURAZI SIAIS ","GOOD","49","-23.507105","-46.718197"
"4553","85","CIARUM SMUOLUMS ","GOOD",,"-23.513353","-46.618492"
"4556","37","RIMAI EU TRAPRISCI ","FOOD","49","-23.507105","-46.718197"
"4558","86","MIAF ","GOOD","49","-23.541502","-46.576717"
"4559","85","MIAF ","GOOD","49","-23.513353","-46.618492"
"4564","25","ZIVIMUI ","GOOD","49","-23.570765","-46.642044"
"4567","85","PUGUM ","GOOD","49","-23.513353","-46.618492"
"4568","85","SAEUSILG ","GOOD","49","-23.513353","-46.618492"
"4572","85","RIRO RIUGU ","GOOD","49","-23.513353","-46.618492"
"4585","85","IRUZZI ","GOOD","49","-23.513353","-46.618492"
"4587","85","PIPUARIGAI ","GOOD","49","-23.513353","-46.618492"
"4596","44","LUAZI PIRCULIS ","GOOD","29","-25.43514","-49.316788"
"4605","85","USPIMI PRIMI ","GOOD","49","-23.513353","-46.618492"
"4611","36","SUSZAIGA ","FOOD","49","-30.085743","-51.246"
"4624","27","RUMAR ","GOOD","0","-23.622995","-46.699203"
"4625","8","RUMAR ","GOOD","0","-22.921474","-43.23482"
"4637","16","AR TRAMUO ","FOOD",,"-23.020708","-43.4897"
"4645","44","AIEMAMIMU UM PRIVUMCU ","GOOD","29","-25.43514","-49.316788"
"4648","86","ILAPIARUGAIMI ","FOOD","49","-23.541502","-46.576717"
"4650","25","CICI PIRPU ","FOOD","0","-23.570765","-46.642044"
"4660","85","CIRUMOI ","GOOD","49","-23.513353","-46.618492"
"4664","29","CIRUMOI ","GOOD","49","-23.561052","-46.558975"
"4669","21","CIRUMOI ","GOOD","29","-23.550407","-46.72129"
"4671","25","CIRUMOI ","GOOD","49","-23.570765","-46.642044"
"4675","13","SIMUI LIMOI ","GOOD","29","-22.887522","-43.283367"
"4676","75","PAMACIS ","GOOD","49","-25.477074","-49.28966"
"4679","85","PIGUE PIPACO ","FOOD","49","-23.513353","-46.618492"
